City_ID,City,Lat,Lng,Max Temp,Humidity,Cloudiness,Wind Speed,Country,Date
0,yellowknife,62.456,-114.3525,15.29,63,75,2.57,CA,1691387596
1,newman,37.3138,-121.0208,28.99,59,0,1.79,US,1691387386
2,ushuaia,-54.8,-68.3,-3.96,94,99,2.3,AR,1691386970
3,mizdah,31.4451,12.9801,22.35,44,0,1.17,LY,1691387447
4,edinburgh of the seven seas,-37.0676,-12.3116,11.69,57,28,10.92,SH,1691387188
5,port-aux-francais,-49.35,70.2167,5.92,92,100,14.78,TF,1691387598
6,puerto ayacucho,5.6639,-67.6236,23.44,95,97,1.63,VE,1691387599
7,fale old settlement,-9.3852,-171.2468,28.26,70,23,5.91,TK,1691387599
8,nazyvayevsk,55.5698,71.3529,24.86,35,0,3.09,RU,1691387600
9,mazagao,-0.115,-51.2894,27.03,94,11,1.83,BR,1691387601
10,ilulissat,69.2167,-51.1,1.23,60,32,3.39,GL,1691387601
11,atafu village,-8.5421,-172.5159,28.56,76,28,6.93,TK,1691387602
12,ust-nera,64.5667,143.2,13.63,32,20,3.15,RU,1691387602
13,plesetsk,62.708,40.2916,19.44,74,97,2.51,RU,1691387603
14,albany,42.6001,-73.9662,19.47,80,100,1.21,US,1691387604
15,novyy urengoy,66.0833,76.6333,25.21,31,10,4.02,RU,1691387327
16,whitehorse,60.7161,-135.0538,23.43,43,75,4.63,CA,1691387605
17,iqaluit,63.7506,-68.5145,5.85,87,20,1.03,CA,1691387606
18,geraldton,-28.7667,114.6,25.23,65,100,0.0,AU,1691387483
19,margate,51.3813,1.3862,13.72,87,2,1.79,GB,1691387481
20,huaihua,27.5494,109.9592,35.27,52,50,1.0,CN,1691387607
21,bilibino,68.0546,166.4372,1.36,91,100,3.37,RU,1691387608
22,invercargill,-46.4,168.35,6.12,85,99,3.58,NZ,1691387503
23,vila velha,-20.3297,-40.2925,19.97,90,40,1.54,BR,1691387610
24,hawaiian paradise park,19.5933,-154.9731,23.91,96,36,1.99,US,1691387611
25,kodiak,57.79,-152.4072,11.73,94,100,5.66,US,1691387611
26,nemuro,43.3236,145.575,15.1,97,100,5.93,JP,1691387612
27,sitka,57.0531,-135.33,15.94,88,100,0.0,US,1691387612
28,adamstown,-25.066,-130.1015,20.69,67,27,7.31,PN,1691387614
29,selfoss,63.9331,-20.9971,9.47,86,88,1.92,IS,1691387322
30,remire-montjoly,4.9167,-52.2667,24.02,100,40,0.0,GF,1691387614
31,papatowai,-46.5619,169.4708,4.62,91,100,7.22,NZ,1691387615
32,whitby,54.4877,-0.615,11.19,87,1,0.89,GB,1691387494
33,puerto natales,-51.7236,-72.4875,-0.99,83,93,1.89,CL,1691387616
34,isafjordur,66.0755,-23.124,9.66,60,22,1.55,IS,1691387617
35,blackmans bay,-43.0167,147.3167,14.85,61,99,0.17,AU,1691387618
36,poronaysk,49.2167,143.1167,18.91,70,1,5.18,RU,1691387618
37,ribeira grande,38.5167,-28.7,21.54,84,11,3.58,PT,1691387346
38,kapa'a,22.0752,-159.319,27.18,75,20,5.66,US,1691387491
39,takoradi,4.8845,-1.7554,23.71,91,94,2.87,GH,1691387620
40,udachny,66.4167,112.4,19.14,48,99,3.94,RU,1691387620
41,pervomayskoye,43.919,46.7102,35.79,32,0,7.25,RU,1691387391
42,hasaki,35.7333,140.8333,34.06,78,17,4.9,JP,1691387622
43,bac lieu,9.285,105.7244,32.87,56,39,5.54,VN,1691387622
44,tiksi,71.6872,128.8694,10.47,50,72,3.09,RU,1691387622
45,ishigaki,24.3448,124.1572,32.07,79,75,3.6,JP,1691387623
46,aykhal,66.0,111.5,19.42,32,99,4.4,RU,1691387623
47,esquel,-42.9,-71.3167,0.8,78,27,0.81,AR,1691387624
48,boguchany,58.3814,97.4531,22.8,38,15,2.45,RU,1691387625
49,naze,28.3667,129.4833,24.51,91,100,14.78,JP,1691387475
50,wailua homesteads,22.0669,-159.378,24.3,79,18,5.44,US,1691387625
51,tezu,27.9167,96.1667,25.72,99,100,0.46,IN,1691387626
52,la passe,45.5549,-0.8967,13.88,87,3,1.66,FR,1691387626
53,st. john's,47.5649,-52.7093,15.15,97,100,3.13,CA,1691387627
54,port mathurin,-19.6833,63.4167,22.03,65,82,9.87,MU,1691387628
55,grytviken,-54.2811,-36.5092,-4.39,95,100,6.52,GS,1691387628
56,wolin,53.8421,14.6147,13.47,85,100,14.47,PL,1691387629
57,hammerfest,70.6634,23.6821,15.25,63,0,2.06,NO,1691387629
58,georgetown,5.4112,100.3354,31.97,62,20,3.09,MY,1691387590
59,anadyr,64.75,177.4833,12.28,94,75,3.0,RU,1691387141
60,az zawr,29.4425,48.2747,40.01,39,0,4.31,KW,1691387630
61,vorkuta,67.5,64.0,21.25,76,96,3.94,RU,1691387631
62,juegang,32.3174,121.1855,28.91,80,27,6.44,CN,1691387632
63,urangan,-25.3,152.9,19.28,72,19,7.47,AU,1691387632
64,laojunmiao,39.8333,97.7333,29.57,19,81,7.36,CN,1691387633
65,maloye ganyushkino,46.6,49.2667,35.11,27,0,5.32,KZ,1691387634
66,qaqortoq,60.7167,-46.0333,4.55,93,31,0.38,GL,1691387635
67,college,64.8569,-147.8028,22.67,61,100,1.54,US,1691387635
68,saipan,15.1355,145.701,31.39,100,40,3.09,MP,1691387636
69,port elizabeth,-33.918,25.5701,10.16,81,20,1.54,ZA,1691387637
70,waitangi,-43.9535,-176.5597,9.07,58,98,1.38,NZ,1691387638
71,enewetak,11.3474,162.3373,28.6,70,76,3.71,MH,1691387639
72,ben lomond,37.0891,-122.0863,23.58,82,3,0.41,US,1691387639
73,margaret river,-33.95,115.0667,16.28,68,29,6.0,AU,1691387431
74,pumiao,22.75,108.4833,30.22,75,100,4.22,CN,1691387640
75,bodo,67.28,14.405,12.65,88,75,1.54,NO,1691387640
76,al ghayzah,16.2079,52.176,27.95,79,100,3.58,YE,1691387642
77,tolanaro,-25.0319,46.9987,19.04,94,75,6.17,MG,1691387366
78,kudahuvadhoo,2.6708,72.8944,28.66,71,100,4.64,MV,1691387643
79,west island,-12.1568,96.8225,27.99,78,75,5.66,CC,1691387644
80,stanley,54.868,-1.6985,10.71,92,20,4.12,GB,1691387644
81,huarmey,-10.0681,-78.1522,18.8,85,54,3.53,PE,1691387646
82,kijang,35.2442,129.2139,34.85,73,38,9.38,KR,1691387646
83,ujae,8.9322,165.7642,28.21,73,57,4.21,MH,1691387647
84,brokopondo,4.75,-55.1667,25.24,83,10,1.88,SR,1691387355
85,lebu,-37.6167,-73.65,8.82,82,3,2.02,CL,1691387648
86,odoyev,53.9393,36.6864,25.09,58,9,7.45,RU,1691387648
87,gonzaga,44.9498,10.8209,17.79,80,0,3.68,IT,1691387649
88,pisco,-13.7,-76.2167,16.12,88,12,2.06,PE,1691387650
89,coquimbo,-29.9533,-71.3436,11.85,82,0,1.54,CL,1691387478
90,sao joao da barra,-21.6403,-41.0511,20.71,83,2,7.65,BR,1691387651
91,tshabong,-26.05,22.45,10.31,40,25,4.11,BW,1691387460
92,taltal,-25.4,-70.4833,16.75,69,2,1.35,CL,1691387652
93,xining,36.6167,101.7667,25.35,36,0,1.35,CN,1691387652
94,olonkinbyen,70.9221,-8.7187,4.04,82,95,7.04,SJ,1691387653
95,holualoa,19.6228,-155.9522,25.91,82,75,5.66,US,1691387653
96,santa marta de ortigueira,43.6833,-7.85,19.03,76,7,1.79,ES,1691387654
97,tazacorte,28.629,-17.9293,21.54,80,0,2.68,ES,1691387655
98,forest grove,45.5198,-123.1107,21.01,75,54,3.13,US,1691387655
99,princeville,45.7668,-61.2985,18.01,95,75,4.12,CA,1691387656
100,woodlake,37.4211,-77.6793,23.66,88,75,1.54,US,1691387656
101,morteros,-30.7116,-61.9986,12.23,51,2,5.72,AR,1691387657
102,novyy urgal,51.0736,132.5642,27.16,29,17,1.28,RU,1691387657
103,ayacucho,-13.1583,-74.2239,11.41,76,51,1.38,PE,1691387658
104,raduzhny,62.0961,77.475,24.25,37,7,5.54,RU,1691387658
105,san luis de la loma,17.2706,-100.8939,26.77,82,96,2.22,MX,1691387659
106,sumbawa besar,-8.5,117.4333,33.41,31,12,6.09,ID,1691387659
107,lompoc,34.6391,-120.4579,17.08,95,100,0.0,US,1691387660
108,pacasmayo,-7.4006,-79.5714,19.96,83,67,5.33,PE,1691387661
109,nar'yan-mar,67.6713,53.087,13.47,77,100,6.24,RU,1691387661
110,las animas,-39.8087,-73.2182,1.08,98,6,1.32,CL,1691387662
111,east london,-33.0153,27.9116,12.52,94,0,1.54,ZA,1691387502
112,hamilton,39.1834,-84.5333,22.56,86,28,1.58,US,1691387663
113,saint-philippe,-21.3585,55.7679,22.77,65,46,5.61,RE,1691387664
114,minbu,20.1833,94.8833,28.27,75,100,6.51,MM,1691387664
115,vorgashor,67.5833,63.95,19.98,80,97,3.69,RU,1691387665
116,puerto ayora,-0.7393,-90.3518,23.64,90,84,1.34,EC,1691387665
117,nagqu,31.5,92.0,16.54,50,83,4.59,CN,1691387666
118,bredasdorp,-34.5322,20.0403,9.29,94,0,1.54,ZA,1691387666
119,male,4.1748,73.5089,29.97,79,75,5.14,MV,1691387637
120,bethel,41.3712,-73.414,22.58,82,75,1.54,US,1691387188
121,manaure,11.7751,-72.4445,28.25,74,12,5.56,CO,1691387668
122,hanting,36.7708,119.2108,29.79,48,58,6.85,CN,1691387668
123,bikenibeu village,1.3673,173.1241,29.98,79,20,1.54,KI,1691387669
124,kita,13.0349,-9.4895,22.06,97,100,1.88,ML,1691387669
125,longyearbyen,78.2186,15.6401,8.91,76,75,1.03,SJ,1691387463
126,lobujya,27.95,86.8167,6.89,96,100,3.03,NP,1691387670
127,hithadhoo,-0.6,73.0833,28.01,76,60,3.01,MV,1691387671
128,buala,-8.145,159.5921,27.36,79,65,1.98,SB,1691387672
129,talnakh,69.4865,88.3972,24.56,33,0,1.27,RU,1691387427
130,humaita,-7.5061,-63.0208,24.42,55,55,0.96,BR,1691387673
131,punta arenas,-53.15,-70.9167,2.06,71,93,5.0,CL,1691387673
132,taoudenni,22.6783,-3.9836,34.31,19,21,9.76,ML,1691387674
133,haiku-pauwela,20.9219,-156.3051,25.02,71,28,4.02,US,1691387674
134,khandyga,62.6667,135.6,22.05,25,79,5.38,RU,1691387462
135,lubang,13.8584,120.124,28.78,79,41,8.99,PH,1691387675
136,ancud,-41.8697,-73.8203,4.25,90,4,3.63,CL,1691387676
137,badger,64.8,-147.5333,22.62,67,100,1.54,US,1691387676
138,nebbi,2.4783,31.0889,22.26,74,99,1.41,UG,1691387677
139,petauke,-14.2426,31.3253,17.76,67,38,3.57,ZM,1691387678
140,merowe,18.4833,31.8167,31.7,54,26,4.46,SD,1691387678
141,gaspe,48.8334,-64.4819,14.95,100,100,2.06,CA,1691387679
142,kampong chhnang,12.1667,104.55,35.32,42,97,2.24,KH,1691387679
143,alo,7.4178,6.7371,23.01,98,100,1.59,NG,1691387680
144,viedma,-40.8135,-62.9967,3.04,63,4,2.53,AR,1691387681
145,bula,13.4701,123.278,31.17,66,58,4.96,PH,1691387682
146,vilyuchinsk,52.9306,158.4028,16.15,69,99,4.16,RU,1691387682
147,aral,40.5156,81.2636,33.68,20,99,7.05,CN,1691387683
148,revda,56.801,59.9303,22.55,71,40,1.92,RU,1691387684
149,kerikeri,-35.2268,173.9474,13.84,84,100,1.63,NZ,1691387684
150,bechar,31.6167,-2.2167,31.18,15,62,1.03,DZ,1691387685
151,hermanus,-34.4187,19.2345,9.89,84,0,2.55,ZA,1691387685
152,hanceville,34.0607,-86.7675,22.95,96,54,2.3,US,1691387686
153,setubal,38.5244,-8.8882,26.66,47,0,3.0,PT,1691387687
154,jeddah,21.5169,39.2192,31.92,66,0,3.6,SA,1691387687
155,vadso,70.0744,29.7487,16.49,82,0,2.57,NO,1691387688
156,perry,37.2506,-83.1999,24.1,97,42,1.54,US,1691387689
157,mejit,10.2753,170.8646,28.4,77,100,8.84,MH,1691387689
158,ust-tsilma,65.441,52.1498,13.73,93,77,3.17,RU,1691387690
159,jamestown,42.097,-79.2353,22.48,100,100,2.06,US,1691387691
160,porto murtinho,-21.6989,-57.8825,24.45,40,1,2.54,BR,1691387692
161,castillos,-34.1667,-53.8333,10.45,78,91,6.08,UY,1691387693
162,nova sintra,14.8667,-24.7167,22.71,80,84,4.96,CV,1691387693
163,chilaw,7.5758,79.7953,30.01,82,77,7.6,LK,1691387694
164,karasburg,-28.0167,18.75,14.87,29,0,1.6,NA,1691387695
165,konarka,19.9,86.1167,31.22,63,94,7.3,IN,1691387696
166,manggar,-2.8833,108.2667,29.15,69,74,5.87,ID,1691387697
167,palmer,42.1584,-72.3287,19.54,83,0,0.0,US,1691387698
168,touros,-5.1989,-35.4608,23.94,87,31,5.87,BR,1691387699
169,fuglafjordur,62.244,-6.814,11.26,92,96,5.19,FO,1691387699
170,port hedland,-20.3167,118.5667,29.03,30,6,10.29,AU,1691387700
171,sarkikaraagac,38.0794,31.3664,24.46,42,0,1.32,TR,1691387700
172,valbo,60.65,17.0333,18.12,100,100,2.68,SE,1691387701
173,fortuna,40.5982,-124.1573,16.07,94,100,3.09,US,1691387702
174,saudarkrokur,65.7461,-19.6394,10.03,84,85,0.95,IS,1691387703
175,siwa oasis,29.2041,25.5195,29.8,57,1,4.18,EG,1691387704
176,ciudad lazaro cardenas,17.9583,-102.2,27.05,79,70,1.86,MX,1691387704
177,quellon,-43.1167,-73.6167,-0.86,100,100,0.0,CL,1691387705
178,cabo san lucas,22.8909,-109.9124,28.67,76,100,1.07,MX,1691387705
179,abepura,-2.6333,140.5833,31.45,62,40,3.09,ID,1691387706
180,egilsstadir,65.2653,-14.3948,0.95,100,100,1.54,IS,1691387706
181,taro,-8.3862,115.28,24.0,55,42,2.05,ID,1691387707
182,robbah,33.2797,6.9098,28.8,37,0,3.08,DZ,1691387708
183,korla,41.7597,86.1469,36.88,13,62,6.23,CN,1691387708
184,kiruna,67.8557,20.2251,9.51,87,100,0.51,SE,1691387709
185,dongsheng,39.8161,109.9776,30.92,28,33,6.26,CN,1691387709
186,carnarvon,-24.8667,113.6333,26.27,44,63,2.7,AU,1691387709
187,praia da vitoria,38.7333,-27.0667,22.14,88,75,3.68,PT,1691387710
188,minas de marcona,-15.2119,-75.1103,12.2,88,51,4.23,PE,1691387711
189,vredendal,-31.6683,18.5012,10.34,71,0,0.24,ZA,1691387711
190,nanyuki,0.0167,37.0728,17.7,54,80,3.65,KE,1691387712
191,chibougamau,49.9168,-74.3659,12.79,94,0,1.54,CA,1691387713
192,nuuk,64.1835,-51.7216,5.26,91,2,3.01,GL,1691387713
193,vail,32.0479,-110.712,32.09,41,64,3.64,US,1691387713
194,colonia,50.9333,6.95,13.66,88,100,6.69,DE,1691387714
195,bykovo,55.6361,38.0803,25.23,61,0,6.0,RU,1691387714
196,ca mau,9.1769,105.15,33.59,51,75,5.36,VN,1691387594
197,saint-pierre,-21.3393,55.4781,23.09,64,0,13.89,RE,1691387715
198,mahdia,35.5047,11.0622,25.97,54,0,7.2,TN,1691387716
199,severo-yeniseyskiy,60.3725,93.0408,13.44,84,100,3.59,RU,1691387716
200,las khorey,11.1595,48.1967,34.25,43,15,4.67,SO,1691387717
201,tarawa,1.419,172.984,30.05,79,20,1.54,KI,1691387718
202,tha mai,12.6214,102.0048,28.52,78,100,4.35,TH,1691387718
203,hollywood,34.0983,-118.3267,25.35,79,0,1.34,US,1691387718
204,horta,38.5333,-28.6333,20.57,83,18,2.68,PT,1691387719
205,dolores,-36.3132,-57.6792,7.16,78,39,6.87,AR,1691387719
206,kununurra,-15.7667,128.7333,30.99,23,79,3.6,AU,1691387721
207,nizhniy kuranakh,58.8353,125.4869,26.28,48,99,1.54,RU,1691387721
208,naryn,41.4287,75.9911,22.3,33,94,3.23,KG,1691387722
209,ketchikan,55.3422,-131.6461,17.26,94,75,2.06,US,1691387722
210,humberto de campos,-2.5983,-43.4611,24.87,87,50,3.92,BR,1691387723
211,cortland,42.6001,-76.083,20.98,86,100,2.06,US,1691387723
212,carinhanha,-14.3047,-43.765,19.95,64,0,2.59,BR,1691387724
213,bukama,-9.2,25.85,24.52,36,2,1.48,CD,1691387724
214,port-vila,-17.7338,168.3219,22.78,83,75,3.6,VU,1691387725
215,refojos de basto,41.5132,-7.9952,19.94,49,0,3.54,PT,1691387726
216,moussoro,13.6408,16.4901,26.66,72,87,4.83,TD,1691387726
217,merizo village,13.2658,144.6691,29.31,89,81,1.61,GU,1691387727
218,san antonio de pale,-1.4014,5.6325,23.31,78,94,4.74,GQ,1691387727
219,laguna,38.421,-121.4238,28.95,44,0,3.6,US,1691387728
220,yelizovo,53.1873,158.3805,16.08,87,75,3.13,RU,1691387728
221,vila franca do campo,37.7167,-25.4333,20.23,80,15,1.19,PT,1691387729
222,haimen,23.1935,116.6142,34.94,66,35,6.33,CN,1691387729
223,shimoda,34.6667,138.95,30.2,77,18,5.24,JP,1691387730
224,ghadamis,30.1337,9.5007,27.06,35,0,6.77,LY,1691387731
225,new norfolk,-42.7826,147.0587,15.51,56,100,1.23,AU,1691387732
226,minab,27.1467,57.0801,38.06,38,8,2.46,IR,1691387732
227,kingsland,30.8,-81.6898,26.06,84,4,1.77,US,1691387733
228,iskateley,67.6803,53.1512,12.74,83,100,6.18,RU,1691387733
229,nurota,40.5614,65.6886,31.25,22,2,2.6,UZ,1691387734
230,kapuskasing,49.4169,-82.4331,17.05,88,100,1.54,CA,1691387735
231,ocos,14.5094,-92.1933,27.99,80,50,2.38,GT,1691387735
232,pirgaaj,25.8604,88.3635,29.62,80,100,2.81,BD,1691387736
233,anloga,5.7947,0.8973,24.12,87,99,5.85,GH,1691387737
234,bununu,9.8681,9.6628,21.26,94,100,1.71,NG,1691387737
235,bodaybo,57.8506,114.1933,26.43,46,79,0.99,RU,1691387738
236,cadale,2.7603,46.3222,26.09,76,91,9.75,SO,1691387738
237,susuman,62.7833,148.1667,8.63,46,77,6.06,RU,1691387739
238,fort bragg,35.139,-79.006,25.91,86,40,2.06,US,1691387740
239,walvis bay,-22.9575,14.5053,12.53,82,0,1.54,NA,1691387450
240,kutoarjo,-7.7169,109.9128,29.22,61,48,5.15,ID,1691387741
241,saldanha,-33.0117,17.9442,11.03,87,0,2.43,ZA,1691387741
242,afaahiti,-17.75,-149.2833,24.93,76,32,5.81,PF,1691387742
243,ibshaway,29.358,30.6814,31.96,33,0,4.72,EG,1691387743
244,port alfred,-33.5906,26.891,15.81,76,1,0.58,ZA,1691387744
245,panadura,6.7132,79.9026,28.97,72,93,5.86,LK,1691387744
246,weno,7.4515,151.8468,29.97,84,100,4.12,FM,1691387745
247,avarua,-21.2078,-159.775,21.03,94,75,1.54,CK,1691387745
248,beaudesert,-27.9833,152.9833,19.4,71,68,3.05,AU,1691387746
249,antsiranana,-12.2787,49.2917,25.42,57,20,5.14,MG,1691387746
250,sisimiut,66.9395,-53.6735,7.28,78,43,0.76,GL,1691387747
251,rongelap,11.1635,166.8941,27.71,81,100,7.27,MH,1691387748
252,vilyuysk,63.7553,121.6247,25.76,32,8,2.57,RU,1691387748
253,tura,25.5198,90.2201,25.37,95,100,2.23,IN,1691387749
254,mary,37.0,62.5,35.09,17,0,3.59,TM,1691387749
255,berdigestyakh,62.0989,126.6992,27.45,30,0,3.13,RU,1691387750
256,mount gambier,-37.8333,140.7667,13.16,62,13,2.67,AU,1691387751
257,santana,-0.0583,-51.1817,27.1,94,75,2.06,BR,1691387752
258,kulhudhuffushi,6.6221,73.07,28.19,75,93,6.48,MV,1691387753
259,petropavlovsk-kamchatsky,53.0452,158.6483,15.33,88,75,3.0,RU,1691387743
260,island harbour,50.724,-1.2758,12.74,95,8,0.89,GB,1691387754
261,bratsk,56.1325,101.6142,13.27,97,100,1.5,RU,1691387754
262,yaren,-0.5472,166.916,28.95,72,21,2.3,NR,1691387755
263,la ligua,-32.4524,-71.2311,12.28,81,100,0.32,CL,1691387755
264,satipo,-11.2522,-74.6386,21.86,69,63,1.37,PE,1691387756
265,klyuchi,52.2667,79.1667,25.25,32,31,4.3,RU,1691387757
266,muisne,0.6,-80.0333,24.98,86,100,2.23,EC,1691387758
267,namtsy,62.7161,129.6658,24.93,28,33,3.38,RU,1691387759
268,chonchi,-42.6128,-73.8092,0.62,94,52,0.34,CL,1691387759
269,igarka,67.4667,86.5833,22.81,38,45,6.14,RU,1691387760
270,turtas,58.9417,69.1325,24.93,46,1,1.93,RU,1691387760
271,cao bang,22.6667,106.25,26.25,95,100,0.86,VN,1691387761
272,kaintragarh,20.7167,84.5333,29.59,74,100,5.31,IN,1691387762
273,lazaro cardenas,17.9583,-102.2,27.05,79,70,1.86,MX,1691387704
274,ust'-barguzin,53.45,108.9833,20.49,62,100,4.58,RU,1691387763
275,sao felipe,-14.8167,-41.3833,16.39,82,0,1.44,BR,1691387764
276,thompson,55.7435,-97.8558,10.09,100,20,1.03,CA,1691387764
277,crane,31.3974,-102.3501,30.65,32,3,5.34,US,1691387765
278,pingnan,23.5543,110.3976,30.78,75,82,3.19,CN,1691387766
279,hotan,37.0997,79.9269,29.16,30,48,4.15,CN,1691387767
280,arraial do cabo,-22.9661,-42.0278,20.92,83,0,7.72,BR,1691387768
281,roggiano gravina,39.6182,16.1597,20.92,64,0,3.23,IT,1691387769
282,barra de santo antonio,-9.4047,-35.5072,21.6,85,32,4.82,BR,1691387769
283,polyarnyy,69.1989,33.4478,15.95,70,81,6.66,RU,1691387770
284,caxias,38.7031,-9.2767,26.63,55,0,3.09,PT,1691387770
285,campo formoso,-10.5075,-40.3214,17.82,95,71,3.27,BR,1691387771
286,north battleford,52.7834,-108.2847,14.05,77,0,3.09,CA,1691387771
287,gao,16.6362,1.637,28.1,58,100,1.89,ML,1691387772
288,six-fours-les-plages,43.0938,5.84,20.73,49,6,4.92,FR,1691387772
289,sao goncalo do sapucai,-21.8922,-45.5953,13.61,55,0,1.31,BR,1691387774
290,keflavik,64.0049,-22.5624,11.24,93,75,2.06,IS,1691387774
291,kone,-21.0595,164.8658,21.48,65,16,4.01,NC,1691387775
292,touba,8.2833,-7.6833,20.9,97,100,3.48,CI,1691387775
293,val-d'or,48.1002,-77.7828,15.05,77,100,0.0,CA,1691387776
294,utrik,11.2278,169.8474,28.44,79,100,7.58,MH,1691387776
295,camana,-16.6228,-72.7111,17.03,86,38,3.27,PE,1691387777
296,plouzane,48.3833,-4.6167,12.03,100,100,1.54,FR,1691387777
297,bandeirantes,-23.11,-50.3675,16.93,48,0,1.62,BR,1691387778
298,port lincoln,-34.7333,135.8667,13.0,61,91,3.79,AU,1691387779
299,badarpur,24.9,92.6,25.26,98,100,2.12,IN,1691387779
300,dzhankoy,45.7167,34.4,29.58,47,1,6.57,UA,1691387780
301,marsabit,2.3284,37.9899,18.06,65,61,10.61,KE,1691387780
302,phan thiet,10.9333,108.1,31.85,61,15,7.07,VN,1691387639
303,cidreira,-30.1811,-50.2056,18.73,73,41,2.14,BR,1691387781
304,puerto deseado,-47.7503,-65.8938,0.72,69,6,4.65,AR,1691387487
305,gebeit,21.0667,36.3167,33.91,21,3,3.88,SD,1691387783
306,chui,-33.6971,-53.4616,12.14,83,76,5.36,UY,1691387783
307,pimentel,-6.8367,-79.9342,21.16,83,0,4.63,PE,1691387784
308,port douglas,-16.4833,145.4667,22.55,68,39,8.03,AU,1691387785
309,rio grande,-32.035,-52.0986,19.97,94,86,8.44,BR,1691387785
310,dombarovskiy,50.7587,59.5386,24.22,57,2,6.13,RU,1691387786
311,cuajinicuilapa,16.4667,-98.4167,26.02,85,91,1.19,MX,1691387787
312,yemetsk,63.4721,41.7941,20.73,66,59,2.4,RU,1691387787
313,mammoth lakes,37.6485,-118.9721,16.4,43,0,3.6,US,1691387788
314,priyutovo,53.9,53.9333,24.39,51,12,6.05,RU,1691387788
315,sandnessjoen,66.0217,12.6316,13.06,82,75,6.17,NO,1691387789
316,birao,10.2849,22.7882,22.94,91,83,2.27,CF,1691387790
317,aasiaat,68.7098,-52.8699,0.12,76,69,2.33,GL,1691387790
318,portland,45.5234,-122.6762,21.38,74,35,1.34,US,1691387702
319,maridi,4.9158,29.4742,22.65,85,77,1.95,SS,1691387792
320,sinabang,2.4803,96.3801,27.45,79,97,2.81,ID,1691387792
321,la ronge,55.1001,-105.2842,16.12,82,100,0.51,CA,1691387793
322,porto novo,6.4965,2.6036,25.9,89,100,2.53,BJ,1691387793
323,lashkar gah,31.5938,64.3716,37.84,11,0,3.83,AF,1691387794
324,charef,34.621,2.795,21.96,29,0,3.11,DZ,1691387794
325,begusarai,25.4167,86.1333,27.5,87,100,5.65,IN,1691387582
326,guerrero negro,27.9769,-114.0611,24.31,61,2,0.76,MX,1691387795
327,pitimbu,-7.4706,-34.8086,23.33,85,13,4.47,BR,1691387797
328,mwinilunga,-11.7358,24.4293,15.86,60,0,4.33,ZM,1691387797
329,dehui,44.5333,125.7,19.46,91,100,3.18,CN,1691387742
330,idri,27.5,13.2667,28.63,36,0,7.5,LY,1691387798
331,pointe-noire,-4.7761,11.8635,20.79,91,4,0.66,CG,1691387799
332,mitsamiouli,-11.3847,43.2844,26.16,69,20,1.54,KM,1691387801
333,tazovsky,67.4667,78.7,20.02,45,30,1.89,RU,1691387802
334,lata,40.1629,-8.3327,19.99,37,0,2.25,PT,1691387802
335,yeosu,34.7546,127.6599,30.53,71,16,4.92,KR,1691387219
336,kailua-kona,19.6406,-155.9956,27.98,82,75,5.66,US,1691387803
337,balangir,20.7167,83.4833,29.56,69,93,5.0,IN,1691387804
338,torghay,49.6339,63.4981,28.17,44,68,4.69,KZ,1691387804
339,san patricio,28.017,-97.5169,29.36,83,5,5.68,US,1691387805
340,mutoko,-17.397,32.2268,14.39,68,18,1.51,ZW,1691387805
341,piacabucu,-10.4056,-36.4344,23.22,86,8,3.98,BR,1691387806
342,berdyaush,55.1619,59.1464,16.24,86,72,1.17,RU,1691387806
343,mexia,31.6799,-96.4822,31.47,59,0,5.66,US,1691387807
344,posse,-14.0931,-46.3694,17.1,43,0,2.48,BR,1691387807
345,gembu,6.7,11.2667,15.79,98,100,0.39,NG,1691387808
346,apolinario saravia,-24.4328,-63.9954,23.33,42,0,9.51,AR,1691387809
347,usinsk,65.9939,57.5281,17.92,89,98,5.65,RU,1691387809
348,antalaha,-14.9003,50.2788,24.05,67,7,4.3,MG,1691387810
349,ghat,24.9647,10.1728,32.59,12,0,0.73,LY,1691387812
350,quesnel,52.9999,-122.5029,21.28,52,100,2.06,CA,1691387812
351,vyritsa,59.4078,30.3481,25.73,64,0,4.66,RU,1691387813
352,constantia,44.1833,28.65,21.5,59,2,11.29,RO,1691387801
353,gadzhiyevo,69.2551,33.3362,15.88,70,75,6.26,RU,1691387814
354,mbandaka,0.0487,18.2603,21.9,93,99,1.53,CD,1691387816
355,brockville,44.5834,-75.6826,20.8,77,100,3.13,CA,1691387816
356,sayyan,15.1718,44.3244,23.09,29,63,4.12,YE,1691387817
357,darwin,-12.4611,130.8418,30.99,22,0,5.66,AU,1691387673
358,san juan,-31.5375,-68.5364,13.12,27,7,5.08,AR,1691387818
359,kuraymah,18.55,31.85,32.07,52,20,4.75,SD,1691387818
360,tataouine,32.9297,10.4518,25.1,40,0,1.61,TN,1691387819
361,g'uzor,38.6214,66.2522,29.02,19,0,4.55,UZ,1691387820
362,lunas,10.6402,123.7525,34.01,66,71,4.7,PH,1691387821
363,tres marias,19.0522,-99.2431,10.35,86,17,1.85,MX,1691387821
364,tournon-sur-rhone,45.0667,4.8333,15.14,75,3,3.94,FR,1691387822
365,tiflet,33.8947,-6.3065,19.33,60,40,1.44,MA,1691387823
366,sattahip,12.6664,100.9007,31.66,70,20,4.63,TH,1691387824
367,dhidhdhoo,6.8833,73.1,28.18,75,69,6.56,MV,1691387816
368,makurazaki,31.2667,130.3167,27.8,82,100,10.26,JP,1691387654
369,phillip island,-38.4835,145.231,16.03,77,7,3.36,AU,1691387825
370,kingscliff,-28.2667,153.5667,18.74,77,40,5.66,AU,1691387712
371,vertientes,21.2594,-78.1464,24.68,95,30,3.51,CU,1691387827
372,oban,56.4127,-5.4706,12.43,91,36,0.2,GB,1691387827
373,ambon,-3.6954,128.1814,29.02,100,40,3.09,ID,1691387828
374,tympaki,35.0729,24.7685,26.79,68,4,1.34,GR,1691387828
375,yantarnyy,54.8717,19.9381,15.97,83,98,10.0,RU,1691387829
376,zeya,53.75,127.2667,28.9,25,97,2.06,RU,1691387829
377,howard springs,-12.497,131.047,30.95,18,23,3.74,AU,1691387831
378,freetown,8.484,-13.2299,24.4,88,100,1.52,SL,1691387831
379,kingston,17.997,-76.7936,28.53,79,20,2.57,JM,1691387832
380,araban,37.4267,37.689,32.34,38,0,1.16,TR,1691387832
381,hinton,53.4001,-117.5857,13.92,83,45,0.49,CA,1691387832
382,bulgan,48.8125,103.5347,21.5,64,66,1.83,MN,1691387833
383,laizhou,37.1717,119.9214,25.96,66,38,7.73,CN,1691387834
384,medina,24.4686,39.6142,32.24,9,0,1.54,SA,1691387835
385,broken hill,-31.95,141.4333,14.8,42,36,4.53,AU,1691387615
386,tofol,5.3248,163.0078,28.88,70,75,1.54,FM,1691387837
387,salahonda,2.1019,-78.7217,27.07,79,97,4.49,CO,1691387838
388,kruisfontein,-34.0033,24.7314,11.73,77,2,2.27,ZA,1691387838
389,banyo,6.75,11.8167,18.05,98,100,0.32,CM,1691387839
390,sabang,5.8933,95.3214,28.14,75,99,9.28,ID,1691387840
391,kapoeta,4.7717,33.5903,27.6,43,70,7.5,SS,1691387841
392,chernyshevskiy,63.0128,112.4714,17.55,67,91,2.04,RU,1691387841
393,nyurba,63.2842,118.3319,26.38,35,93,3.44,RU,1691387842
394,bronderslev,57.2702,9.941,13.92,93,100,12.66,DK,1691387842
395,yarmouth,41.7057,-70.2286,21.12,89,70,2.24,US,1691387844
396,kourou,5.1552,-52.6478,24.03,93,28,3.02,GF,1691387845
397,thunder bay,48.4001,-89.3168,15.95,94,100,1.03,CA,1691387846
398,luderitz,-26.6481,15.1594,15.78,64,0,3.74,NA,1691387846
399,sebezh,56.2955,28.4654,25.81,59,3,5.96,RU,1691387847
400,codrington,-38.2667,141.9667,12.4,71,2,3.0,AU,1691387849
401,thinadhoo,0.5333,72.9333,28.37,74,72,4.01,MV,1691387849
402,tucupita,9.0622,-62.051,23.95,96,4,1.32,VE,1691387850
403,brookings,44.3114,-96.7984,17.88,97,100,1.34,US,1691387850
404,igra,57.5558,53.0547,23.72,53,53,3.67,RU,1691387851
405,callao,-12.0667,-77.15,20.4,77,100,4.63,PE,1691387852
406,samsun,41.25,36.3333,30.78,100,0,1.35,TR,1691387852
407,kenai,60.5544,-151.2583,14.52,97,100,3.09,US,1691387853
408,daru,-9.0763,143.2092,25.81,68,85,5.14,PG,1691387853
409,parkano,62.0167,23.0167,20.81,91,49,4.67,FI,1691387854
410,vuktyl,63.8567,57.3094,18.07,89,73,4.27,RU,1691387855
411,ribeira brava,32.65,-17.0667,22.62,81,22,1.34,PT,1691387855
412,vilhena,-12.7406,-60.1458,20.78,50,0,1.4,BR,1691387856
413,angra do heroismo,38.65,-27.2167,22.34,91,75,2.82,PT,1691387856
414,dubbo,-32.25,148.6167,17.07,45,40,4.12,AU,1691387691
415,kontiolahti,62.7602,29.8471,22.08,79,20,6.69,FI,1691387857
416,nouadhibou,20.931,-17.0347,19.79,92,94,7.87,MR,1691387858
417,karratha,-20.7377,116.8463,27.06,37,17,10.13,AU,1691387859
418,la'ie,21.6477,-157.9253,26.36,77,18,0.45,US,1691387859
419,turpan,42.9333,89.1667,43.67,9,23,2.93,CN,1691387860
420,peace river,56.2501,-117.286,18.17,77,40,2.57,CA,1691387861
421,chinde,26.8418,88.0763,21.87,90,100,1.75,NP,1691387861
422,acapulco de juarez,16.8634,-99.8901,27.3,81,48,2.09,MX,1691387862
423,caleta de carquin,-11.0925,-77.6267,18.05,84,52,4.51,PE,1691387862
424,fuyuan,46.4333,127.0833,17.99,89,100,3.97,CN,1691387863
425,hirara,24.8,125.2833,30.15,84,75,7.72,JP,1691387772
426,cockburn town,21.4612,-71.1419,28.63,88,0,9.15,TC,1691387864
427,guajara mirim,-10.7828,-65.3394,24.63,52,1,0.95,BR,1691387865
428,colac,-38.3333,143.5833,13.43,68,32,0.41,AU,1691387866
429,leticia,-4.2153,-69.9406,24.03,100,0,1.03,CO,1691387867
430,belmonte,-15.8631,-38.8828,22.2,90,90,2.9,BR,1691387868
431,valdosta,30.8327,-83.2785,23.97,96,20,2.57,US,1691387868
432,labrador city,52.9463,-66.9114,6.95,100,0,1.03,CA,1691387869
433,ulladulla,-35.35,150.4667,14.67,66,44,2.37,AU,1691387870
434,champerico,14.3,-91.9167,27.8,82,63,2.8,GT,1691387870
435,zakamensk,50.3741,103.2863,21.34,76,71,1.93,RU,1691387872
436,acarau,-2.8856,-40.12,25.77,81,71,7.41,BR,1691387873
437,kabo,7.6994,18.629,22.39,89,99,1.33,CF,1691387873
438,woolgoolga,-30.1106,153.2007,17.93,73,59,5.97,AU,1691387874
439,lamu,-2.2717,40.902,24.97,78,19,6.62,KE,1691387875
440,mount pearl,47.5166,-52.7813,14.69,97,100,2.57,CA,1691387875
441,kiunga,-6.1219,141.2906,27.76,64,94,1.95,PG,1691387876
442,galliano,29.4422,-90.2992,28.33,78,40,2.57,US,1691387876
443,lerwick,60.1545,-1.1494,9.0,81,5,3.5,GB,1691387877
444,dock junction,31.2025,-81.5168,23.01,94,0,3.09,US,1691387877
445,jesup,31.6074,-81.8854,23.52,94,0,1.54,US,1691387878
446,kenora,49.8167,-94.4337,18.54,59,0,2.06,CA,1691387879
447,sault ste. marie,46.5168,-84.3333,12.9,100,75,1.03,CA,1691387879
448,alice springs,-23.7,133.8833,21.75,24,0,2.57,AU,1691387880
449,sapporo,43.0642,141.3469,24.86,83,75,2.57,JP,1691387311
450,manicore,-5.8092,-61.3003,24.65,60,72,0.21,BR,1691387881
451,westport,41.1415,-73.3579,24.04,90,96,1.34,US,1691387843
452,kismayo,-0.3582,42.5454,25.74,75,77,8.55,SO,1691387883
453,houlton,46.1262,-67.8403,12.23,94,0,0.0,US,1691387884
454,sungai raya,0.7,108.9,26.83,82,79,0.5,ID,1691387626
455,leesville,31.1435,-93.261,29.24,76,3,3.05,US,1691387885
456,melfort,52.8667,-104.6177,16.07,72,56,3.09,CA,1691387885
457,tafresh,34.692,50.013,29.54,19,49,3.6,IR,1691387886
458,ust'-ilimsk,58.0006,102.6619,13.66,98,100,1.95,RU,1691387887
459,murray bridge,-35.1167,139.2667,16.85,54,54,1.55,AU,1691387887
460,buulobarde,3.8538,45.5674,26.46,65,87,10.34,SO,1691387888
461,nzega,-2.479,29.5564,17.23,50,31,3.49,RW,1691387888
462,malango,-2.9627,119.9001,23.9,85,75,1.48,ID,1691387890
463,litochoro,40.1006,22.4978,22.6,36,0,1.02,GR,1691387890
464,sitangkai,4.6628,119.3928,29.28,68,28,4.15,PH,1691387891
465,columbia falls,48.3725,-114.1815,16.29,85,67,1.04,US,1691387891
466,dudinka,69.4058,86.1778,24.79,39,3,2.79,RU,1691387892
467,tralee,52.2704,-9.7026,11.69,82,100,1.95,IE,1691387893
468,pundri,29.75,76.55,35.82,46,11,4.84,IN,1691387893
469,richards bay,-28.783,32.0377,16.66,57,0,2.77,ZA,1691387894
470,hilo,19.7297,-155.09,27.38,92,32,1.79,US,1691387894
471,naracoorte,-36.9579,140.7383,14.24,58,0,1.76,AU,1691387895
472,lihue,21.9789,-159.3672,26.58,78,15,5.78,US,1691387896
473,itoman,26.1247,127.6694,28.01,89,75,13.38,JP,1691387815
474,ambato boeny,-16.4667,46.7167,26.57,39,50,3.49,MG,1691387897
475,vallenar,-28.5708,-70.7581,16.33,53,100,0.12,CL,1691387898
476,kuusamo,65.9667,29.1833,16.15,78,81,5.48,FI,1691387871
477,paka,4.6374,103.4368,30.96,74,40,3.6,MY,1691387899
478,plastun,44.7561,136.2939,20.56,57,94,3.98,RU,1691387899
479,palapag,12.5458,125.1147,33.33,54,36,6.15,PH,1691387900
480,isangel,-19.55,169.2667,23.06,78,75,1.54,VU,1691387900
481,terme,41.2092,36.9739,29.22,52,1,3.73,TR,1691387901
482,xinyuan,37.3,99.0,19.13,37,16,5.08,CN,1691387901
483,nasir,15.5894,32.5634,30.64,43,28,4.75,SD,1691387902
484,ola,59.5833,151.2833,17.86,48,98,2.04,RU,1691387902
485,larbaa,36.5647,3.1543,17.47,77,20,1.54,DZ,1691387904
486,alhandra,-7.4386,-34.9144,23.12,91,15,2.82,BR,1691387905
487,al hazm,16.1641,44.7769,33.83,22,22,7.37,YE,1691387906
488,soligalich,59.0778,42.2864,25.06,56,0,1.83,RU,1691387906
489,agaro,7.85,36.65,18.56,90,91,0.41,ET,1691387908
490,opuwo,-18.0607,13.84,12.31,29,0,4.23,NA,1691387908
491,howrah,22.5892,88.3103,28.0,94,100,4.12,IN,1691387864
492,kivsharivka,49.6213,37.7036,30.14,39,0,7.71,UA,1691387909
493,menongue,-14.6585,17.691,11.0,47,0,1.63,AO,1691387910
494,batesville,35.7698,-91.641,26.25,92,7,2.16,US,1691387910
495,lexington,37.9887,-84.4777,23.36,91,7,3.21,US,1691387911
496,santarem,-2.4431,-54.7083,25.07,100,0,1.03,BR,1691387911
497,nizao,18.25,-70.2,27.42,82,61,4.51,DO,1691387911
498,plymouth,41.8334,-70.8328,21.48,84,80,2.05,US,1691387912
499,scarborough,54.2797,-0.4044,11.06,86,6,2.68,GB,1691387913
500,sarykemer,43.0,71.5,27.71,28,83,5.07,KZ,1691387914
501,mukalla,14.5425,49.1242,31.97,59,59,2.26,YE,1691387916
502,prince rupert,54.3161,-130.3201,16.05,98,100,1.54,CA,1691387916
503,kartaly,53.0522,60.6467,22.23,72,40,5.81,RU,1691387917
504,kargopol',61.5071,38.9456,23.33,76,23,2.31,RU,1691387917
505,olyokminsk,60.3736,120.4264,31.17,34,98,0.91,RU,1691387918
506,hami,42.8,93.45,38.56,9,64,1.62,CN,1691387919
507,lovington,32.944,-103.3485,31.47,37,41,6.46,US,1691387919
508,markovo,57.3206,107.0881,25.45,54,88,1.88,RU,1691387920
509,tianpeng,30.9866,103.9393,30.26,63,75,2.74,CN,1691387659
510,ma'rib,15.4591,45.3253,34.83,19,42,8.78,YE,1691387921
511,wuchuan,21.4571,110.7659,31.56,64,38,6.79,CN,1691387922
512,klaksvik,62.2266,-6.589,11.51,90,97,5.31,FO,1691387922
513,loharu,28.45,75.8167,34.91,44,14,7.48,IN,1691387923
514,yongchuan,29.3514,105.8947,31.98,66,99,1.29,CN,1691387923
515,vitali,7.3711,122.2886,30.61,63,90,1.33,PH,1691387924
516,ambalangoda,6.2355,80.0538,28.7,73,82,6.43,LK,1691387924
517,banatski karlovac,45.0472,21.0161,19.22,69,59,2.31,RS,1691387925
518,bandarbeyla,9.4942,50.8122,28.62,56,36,14.43,SO,1691387925
519,hebertshausen,48.2902,11.4724,11.64,84,100,8.22,DE,1691387926
520,axim,4.8699,-2.2405,23.32,93,95,2.71,GH,1691387926
521,inongo,-1.95,18.2667,20.72,85,54,2.24,CD,1691387926
522,dryden,49.7833,-92.7503,17.16,77,0,2.57,CA,1691387927
523,villagarzon,1.0375,-76.6267,23.36,99,100,1.78,CO,1691387928
524,bubaque,11.2833,-15.8333,26.33,85,100,7.13,GW,1691387928
525,ebon,4.582,168.6964,28.78,74,75,3.11,MH,1691387929
526,abbeville,50.1,1.8333,13.05,87,2,1.83,FR,1691387929
527,shitanjing,39.2342,106.3439,32.1,22,0,4.58,CN,1691387930
528,iwanai,42.9744,140.5089,23.87,91,100,0.64,JP,1691387930
529,yakeshi,49.2833,120.7333,24.15,42,19,4.18,CN,1691387931
530,batang,-6.4846,110.7083,31.33,55,4,5.25,ID,1691387931
531,biloela,-24.4167,150.5,23.87,29,2,5.91,AU,1691387932
532,nadi,-17.8,177.4167,26.0,78,20,4.12,FJ,1691387933
533,zonguldak,41.25,31.8333,24.96,47,0,1.98,TR,1691387934
534,port augusta,-32.5,137.7667,16.78,38,91,2.88,AU,1691387934
535,tsiombe,-25.3,45.4833,22.27,62,0,4.07,MG,1691387935
536,lesogorsk,56.0458,99.5136,15.37,81,96,1.19,RU,1691387935
537,san matias,-16.3667,-58.4,24.32,38,29,2.45,BO,1691387936
538,lichtenburg,-26.152,26.1597,9.34,28,5,1.55,ZA,1691387936
539,barwala,29.3833,75.9167,35.98,43,30,5.61,IN,1691387937
540,puerto leguizamo,-0.1934,-74.7819,22.06,92,100,0.41,CO,1691387938
541,mokhsogollokh,61.4681,128.9203,26.0,30,1,2.9,RU,1691387938
542,ormara,25.2088,64.6357,27.84,79,93,8.37,PK,1691387939
543,madalena,41.2162,-8.3345,23.32,47,0,2.68,PT,1691387939
544,la barceloneta,41.3807,2.1899,23.4,67,75,2.06,ES,1691387940
545,novodvinsk,64.4165,40.8122,17.82,65,71,2.72,RU,1691387941
546,prince george,53.9166,-122.753,19.69,59,0,2.57,CA,1691387941
547,la sarre,48.8002,-79.1996,14.49,65,100,2.16,CA,1691387942
548,puerto lempira,15.2667,-83.7667,26.43,88,94,3.77,HN,1691387943
549,tokonou,9.65,-9.7833,20.33,98,100,2.49,GN,1691387943
550,neiafu,-18.65,-173.9833,23.38,94,100,2.57,TO,1691387944
551,jolo,6.05,121.0167,29.98,65,44,2.76,PH,1691387944
552,lensk,60.7253,114.9278,28.6,44,59,2.73,RU,1691387945
553,sept-iles,50.2001,-66.3821,14.29,96,40,2.06,CA,1691387946
554,hualien city,23.9769,121.6044,33.0,60,95,1.34,TW,1691387930
555,bloomingdale,27.8936,-82.2404,29.44,92,0,0.0,US,1691387947
556,malvan,16.0667,73.4667,27.46,81,100,6.19,IN,1691387948
557,priargunsk,50.3691,119.1012,23.19,50,74,2.75,RU,1691387949
558,cacheu,12.2706,-16.1658,25.05,91,100,2.24,GW,1691387949
559,launceston,-41.45,147.1667,13.97,58,40,5.66,AU,1691387822
560,quinte west,44.1834,-77.5662,21.53,73,100,3.09,CA,1691387950
561,faya-largeau,17.9257,19.1043,31.0,54,95,3.68,TD,1691387950
562,dingwall,57.5953,-4.4272,11.71,94,22,1.94,GB,1691387951
563,nieuw amsterdam,5.8833,-55.0833,26.68,87,42,3.52,SR,1691387951
564,atherton,53.5237,-2.4935,14.66,95,8,1.76,GB,1691387952
565,muroto-misakicho,33.2833,134.15,27.95,87,81,10.41,JP,1691387953
566,vanimo,-2.6741,141.3028,27.97,79,92,3.71,PG,1691387953
567,bonthe,7.5264,-12.505,25.4,82,100,3.18,SL,1691387954
568,wuyishan,28.0047,117.8114,35.45,51,23,2.74,CN,1691387954
569,unai,-16.3575,-46.9061,18.08,38,0,0.32,BR,1691387955
570,lampazos de naranjo,27.0167,-100.5167,28.82,53,0,5.19,MX,1691387955
571,san antonio oeste,-40.7319,-64.9477,6.78,64,3,3.43,AR,1691387956
572,gordonvale,-17.0936,145.7842,26.61,77,46,3.89,AU,1691387957
573,soio,-6.1349,12.3689,22.07,86,77,2.53,AO,1691387957
574,hadibu,12.65,54.0333,26.27,79,69,11.45,YE,1691387957
575,yatou,37.15,122.3833,27.83,68,14,6.79,CN,1691387958
576,trincomalee,8.5711,81.2335,32.8,55,73,3.64,LK,1691387958
577,l'aquila,42.365,13.3935,15.87,86,0,1.34,IT,1691387959
578,shemonaikha,50.6328,81.9056,26.3,45,94,1.72,KZ,1691387959
579,swift current,50.2834,-107.8014,16.45,48,0,3.6,CA,1691387960
580,misratah,32.3754,15.0925,26.8,60,0,5.66,LY,1691387961
581,edgewater,28.9889,-80.9023,28.13,93,76,1.92,US,1691387962
582,nassau,40.7507,-73.5829,24.82,84,86,1.79,US,1691387963
583,greymouth,-42.4667,171.2,7.56,79,60,3.83,NZ,1691387964
584,ixtapa,20.7,-105.2,26.24,84,100,0.45,MX,1691387964
585,el granada,37.5027,-122.4694,22.8,86,0,0.0,US,1691387964
